INSERT INTO categorie (id, type) VALUES (1, 'QCM');
INSERT INTO categorie (id, type) VALUES (2, 'Code');
INSERT INTO categorie (id, type) VALUES (3, 'Ecrite');
INSERT INTO faq (id, question, response, priority) VALUES (1, 'Comment marche ce jeu ?', 'Comme ca.', '1');
INSERT INTO langage (id, language) VALUES (1, 'Java');
INSERT INTO langage (id, language) VALUES (2, 'C#');
INSERT INTO langage (id, language) VALUES (3, 'HTML');
INSERT INTO langage (id, language) VALUES (4, 'CSS');
INSERT INTO langage (id, language) VALUES (5, 'Javascript');
INSERT INTO langage (id, language) VALUES (6, 'PHP');
INSERT INTO langage (id, language) VALUES (7, 'Python');
INSERT INTO langage (id, language) VALUES (8, 'Kotlin');
INSERT INTO type_user (id, type) VALUES (1, 'Administrateur');
INSERT INTO type_user  (id, type) VALUES (2, 'Joueur');
INSERT INTO type_user  (id, type) VALUES (3, 'Joueur Premium');
INSERT INTO ressource (id, text, link) VALUES (1, 'Cours HTML', 'https://openclassrooms.com/fr/courses/1603881-apprenez-a-creer-votre-site-web-avec-html5-et-css3');
INSERT INTO ressource (id, text, link) VALUES (2, 'CSS', 'https://openclassrooms.com/fr/courses/1603881-apprenez-a-creer-votre-site-web-avec-html5-et-css3');
INSERT INTO ressource (id, text, link) VALUES (3, 'JavaScript', 'https://openclassrooms.com/fr/courses/2984401-apprenez-a-coder-avec-javascript');
INSERT INTO ressource (id, text, link) VALUES (4, 'Java', 'https://jmdoudoux.developpez.com/cours/developpons/java/');
INSERT INTO question (id, question, level, answer, choice1, choice2, choice3, ressource_id, categorie_id) VALUES (1, 'Definition du terme HTML ?', '1', 'HyperText Markup Language', 'Pas ça', 'Non plus', 'Toujours pas', 1, 1);
INSERT INTO question (id, question, level, answer, choice1, choice2, choice3, ressource_id, categorie_id) VALUES (2, 'Definition du terme CSS?', '1', 'Cascading Style Sheets', 'Pas ça', 'Non plus', 'Toujours pas', 2, 1);
INSERT INTO question (id, question, level, answer, choice1, choice2, choice3, ressource_id, categorie_id) VALUES (3, 'Quelle est le langage permettant de rendre interactive les pages web?', '1', 'JavaScript', 'Pas ça', 'Non plus', 'Toujours pas', 3, 1);
INSERT INTO question (id, question, level, answer, choice1, choice2, choice3, ressource_id, categorie_id) VALUES (4, 'Pour compiler un programme Java de quoi a t\'on besoin? JDK ou JRE', '1', 'JDK', 'Pas ça', 'Non plus', 'Toujours pas', 4, 1);
INSERT INTO user (id, username, email, password, date_inscription, type_user_id, ranking) VALUES (1, 'Camille', 'camille@laposte.fr', 'Camille', '2019-12-04', 1, 1000);
INSERT INTO user (id, username, email, password, date_inscription, type_user_id, ranking) VALUES (2, 'Francois', 'francois@laposte.fr', 'Francois', '2019-12-04', 1, 999);
INSERT INTO user (id, username, email, password, date_inscription, type_user_id, ranking) VALUES (3, 'Elodie', 'elodie@laposte.fr', 'Elodie', '2019-12-04', 1, 99);
INSERT INTO user (id, username, email, password, date_inscription, type_user_id, ranking) VALUES (4, 'Didax', 'didier@laposte.fr', 'Didax', '2019-12-04', 1, 111112);
INSERT INTO user (id, username, email, password, date_inscription, type_user_id, ranking) VALUES (5, 'toto', 'toto@laposte.fr', 'toto', '2019-12-06', 2, 50);
INSERT INTO user (id, username, email, password, date_inscription, type_user_id, ranking) VALUES (6, 'tata', 'tata@laposte.fr', 'tata', '2019-12-06', 3, 20);
INSERT INTO user_langage (id_user, id_langage) VALUES (1, 1);
INSERT INTO user_langage (id_user, id_langage) VALUES (3, 1);
INSERT INTO user_langage (id_user, id_langage) VALUES (1, 2);
INSERT INTO user_langage (id_user, id_langage) VALUES (5, 4);
INSERT INTO user_langage (id_user, id_langage) VALUES (2, 5);
INSERT INTO user_langage (id_user, id_langage) VALUES (2, 6);
INSERT INTO user_langage (id_user, id_langage) VALUES (4, 6);
INSERT INTO user_langage (id_user, id_langage) VALUES (6, 8);
INSERT INTO langage_question (langage_id, question_id) VALUES (3, 1);
INSERT INTO langage_question (langage_id, question_id) VALUES (4, 2);
INSERT INTO langage_question (langage_id, question_id) VALUES (5, 3);
INSERT INTO langage_question (langage_id, question_id) VALUES (1, 4);