INSERT INTO categorie (id_categorie, type_categorie) VALUES (1, 'QCM');
INSERT INTO categorie (id_categorie, type_categorie) VALUES (2, 'Code');
INSERT INTO categorie (id_categorie, type_categorie) VALUES (3, 'Ecrite');
INSERT INTO faq (id_faq, question_faq, response_faq, priority_faq) VALUES (1, 'Comment marche ce jeu ?', 'Comme ca.', '1');
INSERT INTO langage (id_langage, langage_langage) VALUES (1, 'Java');
INSERT INTO langage (id_langage, langage_langage) VALUES (2, 'C#');
INSERT INTO langage (id_langage, langage_langage) VALUES (3, 'HTML');
INSERT INTO langage (id_langage, langage_langage) VALUES (4, 'CSS');
INSERT INTO langage (id_langage, langage_langage) VALUES (5, 'Javascript');
INSERT INTO langage (id_langage, langage_langage) VALUES (6, 'PHP');
INSERT INTO langage (id_langage, langage_langage) VALUES (7, 'Python');
INSERT INTO langage (id_langage, langage_langage) VALUES (8, 'Kotlin');
INSERT INTO ranking (id_ranking, point_ranking) VALUES (1, 50);
INSERT INTO ranking (id_ranking, point_ranking) VALUES (2, 100);
INSERT INTO ranking (id_ranking, point_ranking) VALUES (3, 150);
INSERT INTO ranking (id_ranking, point_ranking) VALUES (4, 200);
INSERT INTO ranking (id_ranking, point_ranking) VALUES (5, 250);
INSERT INTO ranking (id_ranking, point_ranking) VALUES (6, 300);
INSERT INTO type_user (id_type_user, type_type_user) VALUES (1, 'Administrateur');
INSERT INTO type_user (id_type_user, type_type_user) VALUES (2, 'Joueur');
INSERT INTO type_user (id_type_user, type_type_user) VALUES (3, 'Joueur Premium');
INSERT INTO ressource (id_ressource, text_ressource, link_ressource) VALUES (1, 'Cours HTML', 'https://openclassrooms.com/fr/courses/1603881-apprenez-a-creer-votre-site-web-avec-html5-et-css3');
INSERT INTO ressource (id_ressource, text_ressource, link_ressource) VALUES (2, 'CSS', 'https://openclassrooms.com/fr/courses/1603881-apprenez-a-creer-votre-site-web-avec-html5-et-css3');
INSERT INTO ressource (id_ressource, text_ressource, link_ressource) VALUES (3, 'JavaScript', 'https://openclassrooms.com/fr/courses/2984401-apprenez-a-coder-avec-javascript');
INSERT INTO ressource (id_ressource, text_ressource, link_ressource) VALUES (4, 'Java', 'https://jmdoudoux.developpez.com/cours/developpons/java/');
INSERT INTO question (id_question, question_question, level_question, answer_question, choice1_question, choice2_question, choice3_question, id_ressource, id_langage, id_categorie) VALUES (1, 'Definition du terme HTML ?', '1', 'HyperText Markup Language', 'Pas ça', 'Non plus', 'Toujours pas', 1, 3, 1);
INSERT INTO question (id_question, question_question, level_question, answer_question, choice1_question, choice2_question, choice3_question, id_ressource, id_langage, id_categorie) VALUES (2, 'Definition du terme CSS?', '1', 'Cascading Style Sheets', 'Pas ça', 'Non plus', 'Toujours pas', 2, 4, 1);
INSERT INTO question (id_question, question_question, level_question, answer_question, choice1_question, choice2_question, choice3_question, id_ressource, id_langage, id_categorie) VALUES (3, 'Quelle est le langage permettant de rendre interactive les pages web?', '1', 'JavaScript', 'Pas ça', 'Non plus', 'Toujours pas', 3, 5, 1);
INSERT INTO question (id_question, question_question, level_question, answer_question, choice1_question, choice2_question, choice3_question, id_ressource, id_langage, id_categorie) VALUES (4, 'Pour compiler un programme Java de quoi a t''on besoin? JDK ou JRE', '1', 'JDK', 'Pas ça', 'Non plus', 'Toujours pas', 4, 1, 1);
INSERT INTO user (id_user, username_user, email_user, password_user, date_inscription, ranking_id_ranking, id_type_user) VALUES (1, 'Camille', 'camille@laposte.fr', 'Camille', '2019-12-04', 6, 1);
INSERT INTO user (id_user, username_user, email_user, password_user, date_inscription, ranking_id_ranking, id_type_user) VALUES (2, 'Francois', 'francois@laposte.fr', 'Francois', '2019-12-04', 1, 1);
INSERT INTO user (id_user, username_user, email_user, password_user, date_inscription, ranking_id_ranking, id_type_user) VALUES (3, 'Elodie', 'elodie@laposte.fr', 'Elodie', '2019-12-04', 2, 1);
INSERT INTO user (id_user, username_user, email_user, password_user, date_inscription, ranking_id_ranking, id_type_user) VALUES (4, 'Didax', 'didier@laposte.fr', 'Didax', '2019-12-04', 3, 1);
INSERT INTO user (id_user, username_user, email_user, password_user, date_inscription, ranking_id_ranking, id_type_user) VALUES (5, 'toto', 'toto@laposte.fr', 'toto', '2019-12-06', 4, 2);
INSERT INTO user (id_user, username_user, email_user, password_user, date_inscription, ranking_id_ranking, id_type_user) VALUES (6, 'tata', 'tata@laposte.fr', 'tata', '2019-12-06', 5, 3);
INSERT INTO user_langage (id_user, id_langage) VALUES (1, 1);
INSERT INTO user_langage (id_user, id_langage) VALUES (3, 1);
INSERT INTO user_langage (id_user, id_langage) VALUES (1, 2);
INSERT INTO user_langage (id_user, id_langage) VALUES (5, 4);
INSERT INTO user_langage (id_user, id_langage) VALUES (2, 5);
INSERT INTO user_langage (id_user, id_langage) VALUES (2, 6);
INSERT INTO user_langage (id_user, id_langage) VALUES (4, 6);
INSERT INTO user_langage (id_user, id_langage) VALUES (6, 7);