INSERT INTO faq (id_faq, question_faq, response_faq, priority_faq) VALUES (1, 'Comment marche ce jeu ?', 'Comme ca.', '1');
INSERT INTO ranking (id_ranking, point_ranking) VALUES (1, 50);
INSERT INTO ranking (id_ranking, point_ranking) VALUES (2, 100);
INSERT INTO ranking (id_ranking, point_ranking) VALUES (3, 150);
INSERT INTO ranking (id_ranking, point_ranking) VALUES (4, 200);
INSERT INTO ranking (id_ranking, point_ranking) VALUES (5, 250);
INSERT INTO ranking (id_ranking, point_ranking) VALUES (6, 300);
INSERT INTO ressource (id_ressource, text_ressource, link_ressource) VALUES (1, 'Cours HTML', 'https://openclassrooms.com/fr/courses/1603881-apprenez-a-creer-votre-site-web-avec-html5-et-css3');
INSERT INTO ressource (id_ressource, text_ressource, link_ressource) VALUES (2, 'CSS', 'https://openclassrooms.com/fr/courses/1603881-apprenez-a-creer-votre-site-web-avec-html5-et-css3');
INSERT INTO ressource (id_ressource, text_ressource, link_ressource) VALUES (3, 'JavaScript', 'https://openclassrooms.com/fr/courses/2984401-apprenez-a-coder-avec-javascript');
INSERT INTO ressource (id_ressource, text_ressource, link_ressource) VALUES (4, 'Java', 'https://jmdoudoux.developpez.com/cours/developpons/java/');
INSERT INTO question (id_question, question_question, type_question, level_question, answer_question, id_ressource) VALUES (1, 'Definition du terme HTML ?', 'HTML', '1', 'HyperText Markup Language', 1);
INSERT INTO question (id_question, question_question, type_question, level_question, answer_question, id_ressource) VALUES (2, 'Definition du terme CSS?', 'CSS', '1', 'Cascading Style Sheets', 2);
INSERT INTO question (id_question, question_question, type_question, level_question, answer_question, id_ressource) VALUES (3, 'Quelle est le langage permettant de rendre interactive les pages web?', 'JS', '1', 'JavaScript', 3);
INSERT INTO question (id_question, question_question, type_question, level_question, answer_question, id_ressource) VALUES (4, 'Pour compiler un programme Java de quoi a t''on besoin? JDK ou JRE', 'Java', '1', 'JDK', 4);
INSERT INTO type_user (id_type_user, type_type_user) VALUES (1, 'Administrateur');
INSERT INTO type_user (id_type_user, type_type_user) VALUES (2, 'Joueur');
INSERT INTO type_user (id_type_user, type_type_user) VALUES (3, 'Joueur Premium');
INSERT INTO user (id_user, username_user, email_user, password_user, date_inscription, langage_favori_user, ranking_id_ranking, id_type_user) VALUES (1, 'Camille', 'camille@laposte.fr', 'Camille', '2019-12-04', 'Java', 6, 1);
INSERT INTO user (id_user, username_user, email_user, password_user, date_inscription, langage_favori_user, ranking_id_ranking, id_type_user) VALUES (2, 'Francois', 'francois@laposte.fr', 'Francois', '2019-12-04', 'PHP', 1, 1);
INSERT INTO user (id_user, username_user, email_user, password_user, date_inscription, langage_favori_user, ranking_id_ranking, id_type_user) VALUES (3, 'Elodie', 'elodie@laposte.fr', 'Elodie', '2019-12-04', 'Java', 2, 1);
INSERT INTO user (id_user, username_user, email_user, password_user, date_inscription, langage_favori_user, ranking_id_ranking, id_type_user) VALUES (4, 'Didax', 'didier@laposte.fr', 'Didax', '2019-12-04', 'PHP', 3, 1);
INSERT INTO user (id_user, username_user, email_user, password_user, date_inscription, langage_favori_user, ranking_id_ranking, id_type_user) VALUES (5, 'toto', 'toto@laposte.fr', 'toto', '2019-12-06', 'JS', 4, 2);
INSERT INTO user (id_user, username_user, email_user, password_user, date_inscription, langage_favori_user, ranking_id_ranking, id_type_user) VALUES (6, 'tata', 'tata@laposte.fr', 'tata', '2019-12-06', 'HTML', 5, 3);